-- phpMyAdmin SQL Dump
-- version 5.1.1
-- https://www.phpmyadmin.net/
--
-- Host: database-1.cmvpmls4fbve.us-east-1.rds.amazonaws.com
-- Generation Time: May 14, 2022 at 09:54 AM
-- Server version: 8.0.27
-- PHP Version: 7.4.27

SET SQL_MODE = "NO_AUTO_VALUE_ON_ZERO";
START TRANSACTION;
SET time_zone = "+00:00";


/*!40101 SET @OLD_CHARACTER_SET_CLIENT=@@CHARACTER_SET_CLIENT */;
/*!40101 SET @OLD_CHARACTER_SET_RESULTS=@@CHARACTER_SET_RESULTS */;
/*!40101 SET @OLD_COLLATION_CONNECTION=@@COLLATION_CONNECTION */;
/*!40101 SET NAMES utf8mb4 */;

--
-- Database: `bestbeds`
--

-- --------------------------------------------------------

--
-- Table structure for table `beds`
--

CREATE TABLE `beds` (
  `id` int NOT NULL,
  `amount` int NOT NULL,
  `address` text NOT NULL,
  `lat` varchar(255) NOT NULL,
  `lng` varchar(255) NOT NULL,
  `state` tinyint(1) NOT NULL DEFAULT '1',
  `user_id` int NOT NULL,
  `timestamp` timestamp NOT NULL DEFAULT CURRENT_TIMESTAMP
) ENGINE=InnoDB DEFAULT CHARSET=utf8mb3;

--
-- Dumping data for table `beds`
--

INSERT INTO `beds` (`id`, `amount`, `address`, `lat`, `lng`, `state`, `user_id`, `timestamp`) VALUES
(11, 600, '19/49 ซอย สายไหม 15 แขวง สายไหม เขตสายไหม กรุงเทพมหานคร 10220 ประเทศไทย', '13.9276745', '100.6441675', 1, 3, '2022-03-21 12:34:24'),
(49, 9998, '100/93 ม 6 irisorchidpark ตำบล บางเมืองใหม่ อำเภอเมืองสมุทรปราการ สมุทรปราการ 10270 ประเทศไทย', '13.6271161', '100.6108495', 1, 5, '2022-04-09 14:12:11'),
(50, 299, '108 ซอย โยธา 1 แขวง ตลาดน้อย เขตสัมพันธวงศ์ กรุงเทพมหานคร 10100', '13.7321154', '100.5142296', 1, 6, '2022-04-10 08:14:12'),
(51, 99, '8/1 ถ. ลาดพร้าว แขวง สะพานสอง เขตวังทองหลาง กรุงเทพมหานคร 10310 ประเทศไทย', '13.7884688', '100.608406', 1, 7, '2022-04-15 10:22:44'),
(53, 6968, '15-21, ถนนศรีบำรุง, ตำบลสะเตง อำเภอเมืองยะลา จังหวัดยะลา, 95000 สะเตง อำเภอเมืองยะลา ยะลา 95000', '6.558698700000001', '101.2927701', 1, 3, '2022-04-15 14:57:39'),
(55, 200, 'ลาดพร้าว แขวง สะพานสอง เขตวังทองหลาง กรุงเทพมหานคร 10310 ประเทศไทย', '13.7884688', '100.608406', 0, 45, '2022-04-17 03:07:35'),
(56, 200, 'ลาดพร้าว แขวง สะพานสอง เขตวังทองหลาง กรุงเทพมหานคร 10310 ประเทศไทย', '13.7884688', '100.608406', 0, 47, '2022-04-17 03:08:26'),
(57, 200, 'ลาดพร้าว แขวง สะพานสอง เขตวังทองหลาง กรุงเทพมหานคร 10310 ประเทศไทย', '13.7884688', '100.608406', 0, 49, '2022-04-17 03:11:34'),
(58, 200, 'ลาดพร้าว แขวง สะพานสอง เขตวังทองหลาง กรุงเทพมหานคร 10310 ประเทศไทย', '13.7884688', '100.608406', 0, 51, '2022-04-17 03:12:32'),
(59, 200, 'ลาดพร้าว แขวง สะพานสอง เขตวังทองหลาง กรุงเทพมหานคร 10310 ประเทศไทย', '13.7884688', '100.608406', 0, 53, '2022-04-17 04:06:29'),
(60, 200, 'ลาดพร้าว แขวง สะพานสอง เขตวังทองหลาง กรุงเทพมหานคร 10310 ประเทศไทย', '13.7884688', '100.608406', 0, 55, '2022-04-17 04:07:27'),
(82, 100, '39/2 ถ. ลาดพร้าว แขวง สะพานสอง เขตวังทองหลาง กรุงเทพมหานคร 10310 ประเทศไทย', '13.7884688', '100.608406', 1, 4, '2022-04-17 07:27:47'),
(83, 100, '39/2 ถ. ลาดพร้าว แขวง สะพานสอง เขตวังทองหลาง กรุงเทพมหานคร 10310 ประเทศไทย', '13.7884688', '100.608406', 1, 4, '2022-04-17 07:28:19'),
(84, 100, '39/2 ถ. ลาดพร้าว แขวง สะพานสอง เขตวังทองหลาง กรุงเทพมหานคร 10310 ประเทศไทย', '13.7884688', '100.608406', 1, 4, '2022-04-17 07:37:25'),
(88, 100, '39/2 ถ. ลาดพร้าว แขวง สะพานสอง เขตวังทองหลาง กรุงเทพมหานคร 10310 ประเทศไทย', '13.7884688', '100.608406', 1, 4, '2022-04-17 07:54:32'),
(89, 100, '39/2 ถ. ลาดพร้าว แขวง สะพานสอง เขตวังทองหลาง กรุงเทพมหานคร 10310 ประเทศไทย', '13.7884688', '100.608406', 1, 4, '2022-04-17 07:55:05'),
(91, 100, '39/2 ถ. ลาดพร้าว แขวง สะพานสอง เขตวังทองหลาง กรุงเทพมหานคร 10310 ประเทศไทย', '13.7884688', '100.608406', 1, 4, '2022-04-17 07:56:49'),
(102, 100, '39/2 ถ. ลาดพร้าว แขวง สะพานสอง เขตวังทองหลาง กรุงเทพมหานคร 10310 ประเทศไทย', '13.7884688', '100.608406', 1, 4, '2022-04-17 09:01:39'),
(103, 100, '39/2 ถ. ลาดพร้าว แขวง สะพานสอง เขตวังทองหลาง กรุงเทพมหานคร 10310 ประเทศไทย', '13.7884688', '100.608406', 1, 4, '2022-04-17 09:02:16'),
(109, 100, '39/2 ถ. ลาดพร้าว แขวง สะพานสอง เขตวังทองหลาง กรุงเทพมหานคร 10310 ประเทศไทย', '13.7884688', '100.608406', 1, 4, '2022-04-17 09:21:13'),
(110, 100, '39/2 ถ. ลาดพร้าว แขวง สะพานสอง เขตวังทองหลาง กรุงเทพมหานคร 10310 ประเทศไทย', '13.7884688', '100.608406', 1, 4, '2022-04-17 09:21:46'),
(115, 100, '39/2 ถ. ลาดพร้าว แขวง สะพานสอง เขตวังทองหลาง กรุงเทพมหานคร 10310 ประเทศไทย', '13.7884688', '100.608406', 1, 4, '2022-04-17 09:29:55'),
(116, 100, '39/2 ถ. ลาดพร้าว แขวง สะพานสอง เขตวังทองหลาง กรุงเทพมหานคร 10310 ประเทศไทย', '13.7884688', '100.608406', 1, 4, '2022-04-17 09:30:28'),
(119, 100, '39/2 ถ. ลาดพร้าว แขวง สะพานสอง เขตวังทองหลาง กรุงเทพมหานคร 10310 ประเทศไทย', '13.7884688', '100.608406', 1, 4, '2022-04-17 09:34:45'),
(120, 100, '39/2 ถ. ลาดพร้าว แขวง สะพานสอง เขตวังทองหลาง กรุงเทพมหานคร 10310 ประเทศไทย', '13.7884688', '100.608406', 1, 4, '2022-04-17 09:35:15'),
(123, 100, '39/2 ถ. ลาดพร้าว แขวง สะพานสอง เขตวังทองหลาง กรุงเทพมหานคร 10310 ประเทศไทย', '13.7884688', '100.608406', 1, 4, '2022-04-17 09:39:09'),
(124, 100, '39/2 ถ. ลาดพร้าว แขวง สะพานสอง เขตวังทองหลาง กรุงเทพมหานคร 10310 ประเทศไทย', '13.7884688', '100.608406', 1, 4, '2022-04-17 09:39:35'),
(127, 100, '39/2 ถ. ลาดพร้าว แขวง สะพานสอง เขตวังทองหลาง กรุงเทพมหานคร 10310 ประเทศไทย', '13.7884688', '100.608406', 1, 4, '2022-04-17 09:48:25'),
(128, 100, '39/2 ถ. ลาดพร้าว แขวง สะพานสอง เขตวังทองหลาง กรุงเทพมหานคร 10310 ประเทศไทย', '13.7884688', '100.608406', 1, 4, '2022-04-17 09:48:51'),
(131, 100, '39/2 ถ. ลาดพร้าว แขวง สะพานสอง เขตวังทองหลาง กรุงเทพมหานคร 10310 ประเทศไทย', '13.7884688', '100.608406', 1, 4, '2022-04-17 10:08:30'),
(132, 100, '39/2 ถ. ลาดพร้าว แขวง สะพานสอง เขตวังทองหลาง กรุงเทพมหานคร 10310 ประเทศไทย', '13.7884688', '100.608406', 1, 4, '2022-04-17 10:09:10'),
(138, 100, '39/2 ถ. ลาดพร้าว แขวง สะพานสอง เขตวังทองหลาง กรุงเทพมหานคร 10310 ประเทศไทย', '13.7884688', '100.608406', 1, 4, '2022-04-17 12:06:35'),
(139, 100, '39/2 ถ. ลาดพร้าว แขวง สะพานสอง เขตวังทองหลาง กรุงเทพมหานคร 10310 ประเทศไทย', '13.7884688', '100.608406', 1, 4, '2022-04-17 12:07:07'),
(144, 100, '39/2 ถ. ลาดพร้าว แขวง สะพานสอง เขตวังทองหลาง กรุงเทพมหานคร 10310 ประเทศไทย', '13.7884688', '100.608406', 1, 4, '2022-04-17 12:35:50'),
(145, 100, '39/2 ถ. ลาดพร้าว แขวง สะพานสอง เขตวังทองหลาง กรุงเทพมหานคร 10310 ประเทศไทย', '13.7884688', '100.608406', 1, 4, '2022-04-17 12:36:17'),
(149, 100, '39/2 ถ. ลาดพร้าว แขวง สะพานสอง เขตวังทองหลาง กรุงเทพมหานคร 10310 ประเทศไทย', '13.7884688', '100.608406', 1, 4, '2022-04-17 12:43:47'),
(150, 100, '39/2 ถ. ลาดพร้าว แขวง สะพานสอง เขตวังทองหลาง กรุงเทพมหานคร 10310 ประเทศไทย', '13.7884688', '100.608406', 1, 4, '2022-04-17 12:44:18'),
(155, 100, '39/2 ถ. ลาดพร้าว แขวง สะพานสอง เขตวังทองหลาง กรุงเทพมหานคร 10310 ประเทศไทย', '13.7884688', '100.608406', 1, 4, '2022-04-17 12:59:30'),
(156, 100, '39/2 ถ. ลาดพร้าว แขวง สะพานสอง เขตวังทองหลาง กรุงเทพมหานคร 10310 ประเทศไทย', '13.7884688', '100.608406', 1, 4, '2022-04-17 12:59:57'),
(159, 100, '39/2 ถ. ลาดพร้าว แขวง สะพานสอง เขตวังทองหลาง กรุงเทพมหานคร 10310 ประเทศไทย', '13.7884688', '100.608406', 1, 4, '2022-04-17 16:22:36'),
(162, 100, '39/2 ถ. ลาดพร้าว แขวง สะพานสอง เขตวังทองหลาง กรุงเทพมหานคร 10310 ประเทศไทย', '13.7884688', '100.608406', 1, 4, '2022-04-17 16:26:37'),
(166, 100, '39/2 ถ. ลาดพร้าว แขวง สะพานสอง เขตวังทองหลาง กรุงเทพมหานคร 10310 ประเทศไทย', '13.7884688', '100.608406', 1, 4, '2022-04-17 17:35:21'),
(170, 100, '39/2 ถ. ลาดพร้าว แขวง สะพานสอง เขตวังทองหลาง กรุงเทพมหานคร 10310 ประเทศไทย', '13.7884688', '100.608406', 1, 4, '2022-04-17 17:47:22'),
(171, 100, '39/2 ถ. ลาดพร้าว แขวง สะพานสอง เขตวังทองหลาง กรุงเทพมหานคร 10310 ประเทศไทย', '13.7884688', '100.608406', 1, 4, '2022-04-17 17:47:51'),
(175, 100, '39/2 ถ. ลาดพร้าว แขวง สะพานสอง เขตวังทองหลาง กรุงเทพมหานคร 10310 ประเทศไทย', '13.7884688', '100.608406', 1, 4, '2022-04-17 17:56:21'),
(176, 100, '39/2 ถ. ลาดพร้าว แขวง สะพานสอง เขตวังทองหลาง กรุงเทพมหานคร 10310 ประเทศไทย', '13.7884688', '100.608406', 1, 4, '2022-04-17 17:56:47'),
(180, 100, '39/2 ถ. ลาดพร้าว แขวง สะพานสอง เขตวังทองหลาง กรุงเทพมหานคร 10310 ประเทศไทย', '13.7884688', '100.608406', 1, 4, '2022-04-17 18:11:03'),
(181, 100, '39/2 ถ. ลาดพร้าว แขวง สะพานสอง เขตวังทองหลาง กรุงเทพมหานคร 10310 ประเทศไทย', '13.7884688', '100.608406', 1, 4, '2022-04-17 18:11:39'),
(185, 100, '39/2 ถ. ลาดพร้าว แขวง สะพานสอง เขตวังทองหลาง กรุงเทพมหานคร 10310 ประเทศไทย', '13.7884688', '100.608406', 1, 4, '2022-04-17 18:23:36'),
(186, 100, '39/2 ถ. ลาดพร้าว แขวง สะพานสอง เขตวังทองหลาง กรุงเทพมหานคร 10310 ประเทศไทย', '13.7884688', '100.608406', 1, 4, '2022-04-17 18:24:01'),
(191, 100, '39/2 ถ. ลาดพร้าว แขวง สะพานสอง เขตวังทองหลาง กรุงเทพมหานคร 10310 ประเทศไทย', '13.7884688', '100.608406', 1, 4, '2022-04-17 19:00:19'),
(192, 100, '39/2 ถ. ลาดพร้าว แขวง สะพานสอง เขตวังทองหลาง กรุงเทพมหานคร 10310 ประเทศไทย', '13.7884688', '100.608406', 1, 4, '2022-04-17 19:00:45'),
(196, 100, '39/2 ถ. ลาดพร้าว แขวง สะพานสอง เขตวังทองหลาง กรุงเทพมหานคร 10310 ประเทศไทย', '13.7884688', '100.608406', 1, 4, '2022-04-17 19:07:57'),
(197, 100, '39/2 ถ. ลาดพร้าว แขวง สะพานสอง เขตวังทองหลาง กรุงเทพมหานคร 10310 ประเทศไทย', '13.7884688', '100.608406', 1, 4, '2022-04-17 19:08:21'),
(201, 100, '39/2 ถ. ลาดพร้าว แขวง สะพานสอง เขตวังทองหลาง กรุงเทพมหานคร 10310 ประเทศไทย', '13.7884688', '100.608406', 1, 4, '2022-04-17 19:13:19'),
(202, 100, '39/2 ถ. ลาดพร้าว แขวง สะพานสอง เขตวังทองหลาง กรุงเทพมหานคร 10310 ประเทศไทย', '13.7884688', '100.608406', 1, 4, '2022-04-17 19:13:44'),
(206, 100, '39/2 ถ. ลาดพร้าว แขวง สะพานสอง เขตวังทองหลาง กรุงเทพมหานคร 10310 ประเทศไทย', '13.7884688', '100.608406', 1, 4, '2022-04-17 19:29:54'),
(207, 100, '39/2 ถ. ลาดพร้าว แขวง สะพานสอง เขตวังทองหลาง กรุงเทพมหานคร 10310 ประเทศไทย', '13.7884688', '100.608406', 1, 4, '2022-04-17 19:30:19'),
(211, 100, '39/2 ถ. ลาดพร้าว แขวง สะพานสอง เขตวังทองหลาง กรุงเทพมหานคร 10310 ประเทศไทย', '13.7884688', '100.608406', 1, 4, '2022-04-17 19:51:08'),
(212, 100, '39/2 ถ. ลาดพร้าว แขวง สะพานสอง เขตวังทองหลาง กรุงเทพมหานคร 10310 ประเทศไทย', '13.7884688', '100.608406', 1, 4, '2022-04-17 19:51:33'),
(216, 100, '39/2 ถ. ลาดพร้าว แขวง สะพานสอง เขตวังทองหลาง กรุงเทพมหานคร 10310 ประเทศไทย', '13.7884688', '100.608406', 1, 4, '2022-04-17 20:02:07'),
(217, 100, '39/2 ถ. ลาดพร้าว แขวง สะพานสอง เขตวังทองหลาง กรุงเทพมหานคร 10310 ประเทศไทย', '13.7884688', '100.608406', 1, 4, '2022-04-17 20:02:32'),
(221, 100, '39/2 ถ. ลาดพร้าว แขวง สะพานสอง เขตวังทองหลาง กรุงเทพมหานคร 10310 ประเทศไทย', '13.7884688', '100.608406', 1, 4, '2022-04-17 20:07:49'),
(222, 100, '39/2 ถ. ลาดพร้าว แขวง สะพานสอง เขตวังทองหลาง กรุงเทพมหานคร 10310 ประเทศไทย', '13.7884688', '100.608406', 1, 4, '2022-04-17 20:08:14'),
(226, 100, '39/2 ถ. ลาดพร้าว แขวง สะพานสอง เขตวังทองหลาง กรุงเทพมหานคร 10310 ประเทศไทย', '13.7884688', '100.608406', 1, 4, '2022-04-17 20:18:08'),
(227, 100, '39/2 ถ. ลาดพร้าว แขวง สะพานสอง เขตวังทองหลาง กรุงเทพมหานคร 10310 ประเทศไทย', '13.7884688', '100.608406', 1, 4, '2022-04-17 20:18:34'),
(231, 100, '39/2 ถ. ลาดพร้าว แขวง สะพานสอง เขตวังทองหลาง กรุงเทพมหานคร 10310 ประเทศไทย', '13.7884688', '100.608406', 1, 4, '2022-04-17 20:28:46'),
(232, 100, '39/2 ถ. ลาดพร้าว แขวง สะพานสอง เขตวังทองหลาง กรุงเทพมหานคร 10310 ประเทศไทย', '13.7884688', '100.608406', 1, 4, '2022-04-17 20:29:11'),
(236, 100, '39/2 ถ. ลาดพร้าว แขวง สะพานสอง เขตวังทองหลาง กรุงเทพมหานคร 10310 ประเทศไทย', '13.7884688', '100.608406', 1, 4, '2022-04-17 20:36:33'),
(237, 100, '39/2 ถ. ลาดพร้าว แขวง สะพานสอง เขตวังทองหลาง กรุงเทพมหานคร 10310 ประเทศไทย', '13.7884688', '100.608406', 1, 4, '2022-04-17 20:36:58'),
(241, 100, '39/2 ถ. ลาดพร้าว แขวง สะพานสอง เขตวังทองหลาง กรุงเทพมหานคร 10310 ประเทศไทย', '13.7884688', '100.608406', 1, 4, '2022-04-17 21:11:12'),
(242, 100, '39/2 ถ. ลาดพร้าว แขวง สะพานสอง เขตวังทองหลาง กรุงเทพมหานคร 10310 ประเทศไทย', '13.7884688', '100.608406', 1, 4, '2022-04-17 21:11:38'),
(246, 100, '39/2 ถ. ลาดพร้าว แขวง สะพานสอง เขตวังทองหลาง กรุงเทพมหานคร 10310 ประเทศไทย', '13.7884688', '100.608406', 1, 4, '2022-04-17 21:44:11'),
(247, 100, '39/2 ถ. ลาดพร้าว แขวง สะพานสอง เขตวังทองหลาง กรุงเทพมหานคร 10310 ประเทศไทย', '13.7884688', '100.608406', 1, 4, '2022-04-17 21:44:37'),
(251, 100, '39/2 ถ. ลาดพร้าว แขวง สะพานสอง เขตวังทองหลาง กรุงเทพมหานคร 10310 ประเทศไทย', '13.7884688', '100.608406', 1, 4, '2022-04-17 21:50:54'),
(252, 100, '39/2 ถ. ลาดพร้าว แขวง สะพานสอง เขตวังทองหลาง กรุงเทพมหานคร 10310 ประเทศไทย', '13.7884688', '100.608406', 1, 4, '2022-04-17 21:51:20'),
(256, 100, '39/2 ถ. ลาดพร้าว แขวง สะพานสอง เขตวังทองหลาง กรุงเทพมหานคร 10310 ประเทศไทย', '13.7884688', '100.608406', 1, 4, '2022-04-17 22:05:00'),
(257, 100, '39/2 ถ. ลาดพร้าว แขวง สะพานสอง เขตวังทองหลาง กรุงเทพมหานคร 10310 ประเทศไทย', '13.7884688', '100.608406', 1, 4, '2022-04-17 22:05:25'),
(261, 100, '39/2 ถ. ลาดพร้าว แขวง สะพานสอง เขตวังทองหลาง กรุงเทพมหานคร 10310 ประเทศไทย', '13.7884688', '100.608406', 1, 4, '2022-04-17 22:09:49'),
(262, 100, '39/2 ถ. ลาดพร้าว แขวง สะพานสอง เขตวังทองหลาง กรุงเทพมหานคร 10310 ประเทศไทย', '13.7884688', '100.608406', 1, 4, '2022-04-17 22:10:30'),
(266, 100, '39/2 ถ. ลาดพร้าว แขวง สะพานสอง เขตวังทองหลาง กรุงเทพมหานคร 10310 ประเทศไทย', '13.7884688', '100.608406', 1, 4, '2022-04-17 22:20:19'),
(267, 100, '39/2 ถ. ลาดพร้าว แขวง สะพานสอง เขตวังทองหลาง กรุงเทพมหานคร 10310 ประเทศไทย', '13.7884688', '100.608406', 1, 4, '2022-04-17 22:20:55'),
(271, 100, '39/2 ถ. ลาดพร้าว แขวง สะพานสอง เขตวังทองหลาง กรุงเทพมหานคร 10310 ประเทศไทย', '13.7884688', '100.608406', 1, 4, '2022-04-19 17:24:24'),
(272, 100, '39/2 ถ. ลาดพร้าว แขวง สะพานสอง เขตวังทองหลาง กรุงเทพมหานคร 10310 ประเทศไทย', '13.7884688', '100.608406', 1, 4, '2022-04-19 17:24:52'),
(276, 100, '39/2 ถ. ลาดพร้าว แขวง สะพานสอง เขตวังทองหลาง กรุงเทพมหานคร 10310 ประเทศไทย', '13.7884688', '100.608406', 1, 4, '2022-04-25 09:40:11'),
(277, 100, '39/2 ถ. ลาดพร้าว แขวง สะพานสอง เขตวังทองหลาง กรุงเทพมหานคร 10310 ประเทศไทย', '13.7884688', '100.608406', 1, 4, '2022-04-25 09:40:37'),
(281, 100, '39/2 ถ. ลาดพร้าว แขวง สะพานสอง เขตวังทองหลาง กรุงเทพมหานคร 10310 ประเทศไทย', '13.7884688', '100.608406', 1, 4, '2022-04-25 09:49:15'),
(282, 100, '39/2 ถ. ลาดพร้าว แขวง สะพานสอง เขตวังทองหลาง กรุงเทพมหานคร 10310 ประเทศไทย', '13.7884688', '100.608406', 1, 4, '2022-04-25 09:49:50'),
(286, 100, '39/2 ถ. ลาดพร้าว แขวง สะพานสอง เขตวังทองหลาง กรุงเทพมหานคร 10310 ประเทศไทย', '13.7884688', '100.608406', 1, 4, '2022-04-25 13:09:32'),
(287, 100, '39/2 ถ. ลาดพร้าว แขวง สะพานสอง เขตวังทองหลาง กรุงเทพมหานคร 10310 ประเทศไทย', '13.7884688', '100.608406', 1, 4, '2022-04-25 13:10:00'),
(291, 100, '39/2 ถ. ลาดพร้าว แขวง สะพานสอง เขตวังทองหลาง กรุงเทพมหานคร 10310 ประเทศไทย', '13.7884688', '100.608406', 1, 4, '2022-05-01 15:09:55'),
(292, 100, '39/2 ถ. ลาดพร้าว แขวง สะพานสอง เขตวังทองหลาง กรุงเทพมหานคร 10310 ประเทศไทย', '13.7884688', '100.608406', 1, 4, '2022-05-01 15:10:21'),
(296, 100, '39/2 ถ. ลาดพร้าว แขวง สะพานสอง เขตวังทองหลาง กรุงเทพมหานคร 10310 ประเทศไทย', '13.7884688', '100.608406', 1, 4, '2022-05-01 17:53:15'),
(297, 100, '39/2 ถ. ลาดพร้าว แขวง สะพานสอง เขตวังทองหลาง กรุงเทพมหานคร 10310 ประเทศไทย', '13.7884688', '100.608406', 1, 4, '2022-05-01 17:53:41'),
(301, 100, '39/2 ถ. ลาดพร้าว แขวง สะพานสอง เขตวังทองหลาง กรุงเทพมหานคร 10310 ประเทศไทย', '13.7884688', '100.608406', 1, 4, '2022-05-02 07:33:24'),
(302, 100, '39/2 ถ. ลาดพร้าว แขวง สะพานสอง เขตวังทองหลาง กรุงเทพมหานคร 10310 ประเทศไทย', '13.7884688', '100.608406', 1, 4, '2022-05-02 07:33:58'),
(305, 100, '39/2 ถ. ลาดพร้าว แขวง สะพานสอง เขตวังทองหลาง กรุงเทพมหานคร 10310 ประเทศไทย', '13.7884688', '100.608406', 1, 4, '2022-05-03 07:15:25'),
(306, 100, '39/2 ถ. ลาดพร้าว แขวง สะพานสอง เขตวังทองหลาง กรุงเทพมหานคร 10310 ประเทศไทย', '13.7884688', '100.608406', 1, 4, '2022-05-03 07:15:51'),
(310, 100, '39/2 ถ. ลาดพร้าว แขวง สะพานสอง เขตวังทองหลาง กรุงเทพมหานคร 10310 ประเทศไทย', '13.7884688', '100.608406', 1, 4, '2022-05-04 15:49:15'),
(311, 100, '39/2 ถ. ลาดพร้าว แขวง สะพานสอง เขตวังทองหลาง กรุงเทพมหานคร 10310 ประเทศไทย', '13.7884688', '100.608406', 1, 4, '2022-05-04 15:49:41'),
(314, 200, 'ลาดพร้าว แขวง สะพานสอง เขตวังทองหลาง กรุงเทพมหานคร 10310 ประเทศไทย', '13.7884688', '100.608406', 1, 59, '2022-05-10 05:23:42'),
(315, 100, '39/2 ถ. ลาดพร้าว แขวง สะพานสอง เขตวังทองหลาง กรุงเทพมหานคร 10310 ประเทศไทย', '13.7884688', '100.608406', 1, 4, '2022-05-10 05:24:35'),
(316, 100, '39/2 ถ. ลาดพร้าว แขวง สะพานสอง เขตวังทองหลาง กรุงเทพมหานคร 10310 ประเทศไทย', '13.7884688', '100.608406', 1, 4, '2022-05-10 05:25:01');

-- --------------------------------------------------------

--
-- Table structure for table `bedsdealing`
--

CREATE TABLE `bedsdealing` (
  `id` int NOT NULL,
  `date` date NOT NULL,
  `bed_id` int NOT NULL,
  `user_id` int NOT NULL,
  `state` tinyint(1) NOT NULL DEFAULT '0',
  `timestamp` timestamp NOT NULL DEFAULT CURRENT_TIMESTAMP
) ENGINE=InnoDB DEFAULT CHARSET=utf8mb3;

--
-- Dumping data for table `bedsdealing`
--

INSERT INTO `bedsdealing` (`id`, `date`, `bed_id`, `user_id`, `state`, `timestamp`) VALUES
(18, '2022-04-28', 11, 7, 1, '2022-04-09 19:56:56'),
(19, '2022-04-16', 49, 8, 1, '2022-04-15 13:53:32'),
(20, '2022-04-21', 50, 5, 0, '2022-04-16 11:49:45'),
(21, '2022-04-27', 11, 5, 1, '2022-04-16 12:00:26'),
(22, '2022-04-24', 53, 5, 0, '2022-04-16 12:53:23'),
(265, '2022-05-05', 51, 3, 0, '2022-05-02 07:39:25');

-- --------------------------------------------------------

--
-- Table structure for table `tokens`
--

CREATE TABLE `tokens` (
  `id` int NOT NULL,
  `token` varchar(255) NOT NULL,
  `user_id` int NOT NULL,
  `timestamp` timestamp NOT NULL DEFAULT CURRENT_TIMESTAMP
) ENGINE=InnoDB DEFAULT CHARSET=utf8mb3;

--
-- Dumping data for table `tokens`
--

INSERT INTO `tokens` (`id`, `token`, `user_id`, `timestamp`) VALUES
(89, 'eyJhbGciOiJIUzI1NiJ9.cGhhbGF0LndvbmdAZ21haWwuY29t.YzEQZKrjJqSH5ty1AQpthhPLzn0WEdncRzdF-CzA9_Y', 9, '2022-04-15 10:52:46'),
(97, 'eyJhbGciOiJIUzI1NiJ9.Yml6b24yMzg2OEBnbWFpbC5jb20.qs41esCTHp6_Wb7K1JaBVKEFzgXoWJVbghkUZQoVAK4', 6, '2022-04-16 14:45:56'),
(101, 'eyJhbGciOiJIUzI1NiJ9.dXNlcjM5Mjk5NjcyMTcyNThAZ21haWwuY29t.0mXwNt-6Qiycfw4tnTM9pDONZGa0wIroAwJag8WJ0zU', 22, '2022-04-16 19:57:56'),
(102, 'eyJhbGciOiJIUzI1NiJ9.dXNlcjcxNjU1MjQzMjk3MTFAZ21haWwuY29t.01FW7YOfFxhujrepL-1PpdwMDnhRqcslREl-E1rBP4o', 23, '2022-04-16 19:58:08'),
(103, 'eyJhbGciOiJIUzI1NiJ9.dXNlcjE4NTY0NjMxNDkzMjNAZ21haWwuY29t.qlSvMywRyn9CvOL548aQ6JbnRlFC5V_UpCw1hIuBiqM', 24, '2022-04-16 19:58:23'),
(104, 'eyJhbGciOiJIUzI1NiJ9.dXNlcjE2NjY1Nzc3OTM0MzZAZ21haWwuY29t.FNlZOeqbeaUam8bnl43FEkWxNx_oWS3bV1RbzhbFxmo', 25, '2022-04-16 19:58:35'),
(105, 'eyJhbGciOiJIUzI1NiJ9.dXNlcjE2OTM5NjMzOTg2NzRAZ21haWwuY29t.L-MXOyY0UEWEdGNB3bdkSGqlI4xUQfe_xvGVBjxPuyo', 26, '2022-04-16 19:58:46'),
(106, 'eyJhbGciOiJIUzI1NiJ9.dXNlcjgxNTg1NTE5NDUyMTZAZ21haWwuY29t.rlyiqBoULx-IsCiY-OGjxu1XZBQcZDTyVyW76ZtZN6c', 27, '2022-04-16 19:58:57'),
(107, 'eyJhbGciOiJIUzI1NiJ9.dXNlcjQ4MTU4OTg5NzYyNDNAZ21haWwuY29t.UnKA6AhQfcGZBgzaMC1n6ZUaqNksv2OIiWN6VTT2_Ho', 28, '2022-04-16 19:59:08'),
(108, 'eyJhbGciOiJIUzI1NiJ9.dXNlcjg0NTU4MjM3OTk2OTNAZ21haWwuY29t.ZSSHcMLObpOxmG7aw1Xs_1Dv7c-PGDLrg04228DLFaA', 29, '2022-04-16 19:59:35'),
(109, 'eyJhbGciOiJIUzI1NiJ9.dXNlcjU2ODMzNTg0NzIyNDNAZ21haWwuY29t.BWof3S0zum-fVbZM-6WOGwf9IeU_WBecdLkm7CcTEoQ', 30, '2022-04-16 20:00:16'),
(110, 'eyJhbGciOiJIUzI1NiJ9.dXNlcjM3OTgzOTk4Mjg2MzVAZ21haWwuY29t.dXviqf2cpGNXxrpurU3cMlEvYPam54ngpUnOBAvWlFU', 31, '2022-04-16 20:00:30'),
(111, 'eyJhbGciOiJIUzI1NiJ9.dXNlcjQxMzM3ODUyNDM1MTJAZ21haWwuY29t.707Bbl3az55tuJ7e9YVpS2xV-Nhfg53HxRRsXq5ti-4', 32, '2022-04-16 20:01:04'),
(112, 'eyJhbGciOiJIUzI1NiJ9.dXNlcjI1OTQ0NTczOTkzMzlAZ21haWwuY29t.Wutwc_ziYMiNbNu09IoqcS_8k14ZWRnkjf2uaG-7cuQ', 33, '2022-04-16 20:01:29'),
(113, 'eyJhbGciOiJIUzI1NiJ9.dXNlcjk5Njc0NzY4NTk3OTZAZ21haWwuY29t._6NhGT_82HQSCmIvgOkc53F38m2HUl1GoNlVKRjNzvE', 34, '2022-04-16 20:01:41'),
(114, 'eyJhbGciOiJIUzI1NiJ9.dXNlcjQ3MTI0NzEzNDk2NjRAZ21haWwuY29t.Nz1-UG31-DbJZIPfQyabGYdeB7TcnkgAc52TDjNEGgA', 35, '2022-04-16 20:04:33'),
(115, 'eyJhbGciOiJIUzI1NiJ9.dXNlcjU2MzI3NzYyOTk4NTZAZ21haWwuY29t.kJCrSpxD9q-W_fsiNzM3ifq063E9q7kiGVh6sj74-6Q', 36, '2022-04-16 20:04:49'),
(116, 'eyJhbGciOiJIUzI1NiJ9.dXNlcjMzNDQ4Mjk3Mjk3NjlAZ21haWwuY29t.Mi9FsK9l8NnzFf0jxHVPJecWOhJeG5Ah34QkWpSNKIc', 37, '2022-04-16 20:10:02'),
(117, 'eyJhbGciOiJIUzI1NiJ9.dXNlcjY5NTQ2MTcxNTYyMzNAZ21haWwuY29t.q8xsABeziOxX8GmKyfuxDWjvjQWmQo-HCYuuM0lQioM', 38, '2022-04-16 20:11:34'),
(118, 'eyJhbGciOiJIUzI1NiJ9.cHJhdGhhbi5kZXcxMjNAZ21haWwuY29t.JTA-3qrsQW4840m-BLrl9-PA4DLVG-Z2DdcJHIW4HGU', 8, '2022-04-16 20:59:15'),
(119, 'eyJhbGciOiJIUzI1NiJ9.dXNlcjY5MzU5NzQzMTU5NjFAZ21haWwuY29t.j7Dv4MBZ6jS9K8n11xtLRmQLF13sGjmIbXDUqR0-fws', 39, '2022-04-16 21:54:03'),
(120, 'eyJhbGciOiJIUzI1NiJ9.dXNlcjM3MTc4MjU5MTg0OTNAZ21haWwuY29t.7IlTz2QQpCPCPqFoH2zA_2f80CLaLjSnD8KDk0kp7jc', 40, '2022-04-16 21:56:06'),
(121, 'eyJhbGciOiJIUzI1NiJ9.dXNlcjE0ODUyMjE1NzY2MjFAZ21haWwuY29t.Ss6KVjGS5mT0ACG6eWGmAzKdtyO4W9qRTO5eTiycxzU', 41, '2022-04-16 21:56:25'),
(122, 'eyJhbGciOiJIUzI1NiJ9.dmljaGF5dXRoMjAwMEBob3RtYWlsLmNvbQ.fw7cNXONUg1hj32h8awd14hhLuB0pgq-wcgltOtOnoI', 5, '2022-04-16 22:04:27'),
(123, 'eyJhbGciOiJIUzI1NiJ9.dXNlcjk0MjU0MzU3Mjg3OTdAZ21haWwuY29t.ENwCj5KA0w4mI8nbvuXYE31jGGOPqjJBYXvja98d_tM', 42, '2022-04-16 22:15:32'),
(124, 'eyJhbGciOiJIUzI1NiJ9.dXNlcjg0Mzg2MTE3Nzk2NTlAZ21haWwuY29t.GRkhqMFjN55v95xLQQul0QIwSPgcF4tv2AiHPNH260Q', 43, '2022-04-16 22:18:02'),
(125, 'eyJhbGciOiJIUzI1NiJ9.dXNlcjQzNjU0NjczNzg3MjRAZ21haWwuY29t.AnJCPxmlk8M3OjwWtmgvHwNBEMifBTkx0OKQtjdoLoU', 44, '2022-04-16 22:18:43'),
(126, 'eyJhbGciOiJIUzI1NiJ9.YmVkczgyNDgwOTY0MDA3NjZAZ21haWwuY29t.TaTqLqn0OkDFJ7Z7N3hPJqmU8BkrccqjGnTNubJRfwk', 45, '2022-04-17 03:07:34'),
(128, 'eyJhbGciOiJIUzI1NiJ9.NzQxOTg1MjI0MjU1OUBnbWFpbC5jb20.aknV7k_GJRN0t6cISb930hDy2PPHXbXWlgE8hB5LGj4', 46, '2022-04-17 03:08:03'),
(129, 'eyJhbGciOiJIUzI1NiJ9.YmVkczQ3Mzc0MTcwNDM3NTFAZ21haWwuY29t.HjMFBzkHwXl2uSPbgTqAflqCcscdWk42DoR3pXt0mJY', 47, '2022-04-17 03:08:25'),
(131, 'eyJhbGciOiJIUzI1NiJ9.MzIwOTgxOTI1NzY3M0BnbWFpbC5jb20.Hq_LPNyQ5UXOhzSU1cZguHfM0CFefJ2n7U782JVi-vo', 48, '2022-04-17 03:08:54'),
(132, 'eyJhbGciOiJIUzI1NiJ9.YmVkczA2MzAyNDMxNTc2MTlAZ21haWwuY29t.gCh72SSHr9D8LZkwnhSFgexdwEFMSvudivTUHX0zryM', 49, '2022-04-17 03:11:32'),
(134, 'eyJhbGciOiJIUzI1NiJ9.MTczMTgyNjQ0NDU2NkBnbWFpbC5jb20.el8JDpFdRBBaawHTctQXEtbHgvIzYeFpTF5MsIdNRs4', 50, '2022-04-17 03:12:02'),
(135, 'eyJhbGciOiJIUzI1NiJ9.YmVkczc2NTQ2MDEwNTA2NzlAZ21haWwuY29t.CDSGqmMBVKgHefWX2PooiQEFztjjLPTzXeLXWKaAWO4', 51, '2022-04-17 03:12:31'),
(137, 'eyJhbGciOiJIUzI1NiJ9.ODA4MDY5ODgxNzM1MEBnbWFpbC5jb20.SPilGeYepd639t6uH9VOGLW80DEkqZVM-XoaKJrLEYM', 52, '2022-04-17 03:13:01'),
(138, 'eyJhbGciOiJIUzI1NiJ9.YmVkczgyNDQwNDg4MDUyMDFAZ21haWwuY29t.GDrl1hXqgn6Jvy6V0xANpZI7NEhuJDFzjeTBkt7aN3A', 53, '2022-04-17 04:06:28'),
(140, 'eyJhbGciOiJIUzI1NiJ9.MjUyMzYyNjk4NTgzMkBnbWFpbC5jb20.lyk6Mx0ni7U2GpPd1P8k2L_BsXojiNkthKiqmpPWQeg', 54, '2022-04-17 04:07:01'),
(141, 'eyJhbGciOiJIUzI1NiJ9.YmVkczc0NDc0NjE0MzkxNjZAZ21haWwuY29t.aXtQAKrpaBIgyS1d7Nf-WmrdThUb88BH3iOzMIrzUJ8', 55, '2022-04-17 04:07:25'),
(143, 'eyJhbGciOiJIUzI1NiJ9.MTg1Mjg5MzcxMjQwMkBnbWFpbC5jb20.5z8bSTKSbGJXzCRX1TzVgALDiNb6Y9NHbFn6U-1qEBI', 56, '2022-04-17 04:07:54'),
(378, 'eyJhbGciOiJIUzI1NiJ9.dGVzdEBnbWFpbC5jb20.6NwojtdiTdFYvBfH-8wvhLXU4IPGRb8NeeBvUMjoLkY', 4, '2022-04-19 17:25:36'),
(419, 'eyJhbGciOiJIUzI1NiJ9.YWtpcmEuYWpleWJAZ21haWwuY29t.kxTIv8VmRb0vWkXW8cHsXrTprG1pm8OYQqrpBZ4DsEc', 3, '2022-05-10 05:19:23'),
(420, 'eyJhbGciOiJIUzI1NiJ9.cHJhdGhhbkBnbWFpbC5jb20.8LEVz-B0VxnNEruMDwGF-tvvUQvQPF90dWpDIOz0770', 59, '2022-05-10 05:22:42');

-- --------------------------------------------------------

--
-- Table structure for table `users`
--

CREATE TABLE `users` (
  `id` int NOT NULL,
  `firstname` varchar(255) NOT NULL,
  `lastname` varchar(255) NOT NULL,
  `idcard` varchar(255) NOT NULL,
  `phone` varchar(255) NOT NULL,
  `email` varchar(255) NOT NULL,
  `lineid` varchar(255) DEFAULT NULL,
  `password` varchar(255) NOT NULL,
  `role` enum('admin','user') NOT NULL DEFAULT 'user',
  `timestamp` timestamp NOT NULL DEFAULT CURRENT_TIMESTAMP
) ENGINE=InnoDB DEFAULT CHARSET=utf8mb3;

--
-- Dumping data for table `users`
--

INSERT INTO `users` (`id`, `firstname`, `lastname`, `idcard`, `phone`, `email`, `lineid`, `password`, `role`, `timestamp`) VALUES
(3, 'อคิราภ์', 'สีแสนยง', '1100501552879', '0882923741', 'akira.ajeyb@gmail.com', 'ajayxxx', '$2a$05$tjMXAL8OKV9RIFI6LGwKf.xp19ALxIyn.x0z2WH5/iBk69md03mMa', 'user', '2022-03-21 12:33:50'),
(4, 'พลัฏฐ์', 'วงศ์สิทธิพรรุ่ง', '1100502552879', '0953901155', 'test@gmail.com', '_po_pon', '$2a$05$oPeh8jxbPdvsVBls7KULUOwG.idHR0SmCsGcaLLs73zEEq.vTuXDG', 'user', '2022-03-26 16:56:56'),
(5, 'วิชยุตม์', 'ทวิชัยยุทธ', '1104700047346', '0863611590', 'vichayuth2000@hotmail.com', 'pruktavi', '$2a$05$oiMzGVirxeMo/HWJmnNRnOZYj6GtscqUHhSzvJtHCwk8jO7wvPByO', 'user', '2022-04-03 17:13:12'),
(6, 'พิชญะ', 'สิงห์มีศรี', '1100703167062', '0632659596', 'bizon23868@gmail.com', 'bossfuck', '$2a$05$/7P3z6X/.r7F5alQ/Cp2B.Z4bVBFUL3HQBlW9caNfXgErEG1fKSQ.', 'user', '2022-04-07 04:19:18'),
(7, 'พลัฏฐ์', 'วงศ์สิทธิพรรุ่ง', '1100600428468', '0953901155', 'phalat18@gmail.com', '_po_pon', '$2a$05$tVuHEsfYtatnd32oJ7fMhu.jAFksHffxC1qKPprFmidOzR1QI8lHW', 'user', '2022-04-09 19:49:15'),
(8, 'ประธาน', 'นาเวียง', '1101100101010', '0641041529', 'prathan.dew123@gmail.com', 'Prathan.1', '$2a$05$v3HbHB3Q2YvvZ9Yen/ETc.t.zrNnn/tg.gKaHAmb71QPuCDDDElh6', 'user', '2022-04-14 18:30:47'),
(9, 'พลัฏฐ์', 'วงศ์สิทธิพรรุ่ง', '1100600428422', '0950001111', 'phalat.wong@gmail.com', '_po_pon', '$2a$05$n9NtVJUib5pWS3y54N1B.eaMgTRVMOyC13T67X6p5NOr8ttFBzurO', 'user', '2022-04-15 10:52:26'),
(10, 'user9718437648197', 'user9718437648197', '1234567891234', '0812345678', 'user9718437648197@gmail.com', '_user9718437648197', '$2a$05$MZGYc.kWbzOyePjSu3jOXOGQfWOk42fAKndwTcaUAW8ICqRAM2iVm', 'user', '2022-04-16 17:04:47'),
(11, 'user5946682275751', 'user5946682275751', '5946682275751', '0812345678', 'user5946682275751@gmail.com', '_user5946682275751', '$2a$05$gpT5EBqALvahAKL8dKcF3eOuHcNSpH5zpL7OFLN1Z19tokpoLk0dO', 'user', '2022-04-16 18:54:19'),
(12, 'user5787155223394', 'user5787155223394', '5787155223394', '0812345678', 'user5787155223394@gmail.com', '_user5787155223394', '$2a$05$Vl4Ed5N91M3tLkQL/kZhtOZSsiCVavj68fgrtPJ.4tKRQ4PcqNn3C', 'user', '2022-04-16 18:54:42'),
(13, 'user1741564722232', 'user1741564722232', '1741564722232', '0812345678', 'user1741564722232@gmail.com', '_user1741564722232', '$2a$05$B8CMm9LCMsOmVS2LT4egTuIYhkQ7jec0ytN5V8HEfEycyeOc.1uyy', 'user', '2022-04-16 19:07:20'),
(14, 'user4991893295541', 'user4991893295541', '4991893295541', '0812345678', 'user4991893295541@gmail.com', '_user4991893295541', '$2a$05$yTdPTEFClKLzYowmiEdzDO0YGxbyv9FTwk6lrk46aT.Zk1jHOBETe', 'user', '2022-04-16 19:07:38'),
(15, 'user1248796114627', 'user1248796114627', '1248796114627', '0812345678', 'user1248796114627@gmail.com', '_user1248796114627', '$2a$05$F.2nqhcOnspAX10I.ec6O.2w6ERE5ZK9ZSGZGdwrj2x3YKNzANGB.', 'user', '2022-04-16 19:13:43'),
(16, 'user2584554384343', 'user2584554384343', '2584554384343', '0812345678', 'user2584554384343@gmail.com', '_user2584554384343', '$2a$05$g/i31Ac0isdBPxBQTVe8buP0tiblIv0XaD5tB0FHf8Yve6qiEakVq', 'user', '2022-04-16 19:29:22'),
(17, 'user5847969228115', 'user5847969228115', '5847969228115', '0812345678', 'user5847969228115@gmail.com', '_user5847969228115', '$2a$05$IjJeaxWYGLzBYXfbJyRBNe8.WRKuvj2OK4dHJKZQmm6gW1ssLeyRi', 'user', '2022-04-16 19:30:49'),
(18, 'user1848839944957', 'user1848839944957', '1848839944957', '0812345678', 'user1848839944957@gmail.com', '_user1848839944957', '$2a$05$Too0dlLxJXiBRXQYzS2zpORtAL3aodULS2jkbvraW8Tsl2q.tSe2S', 'user', '2022-04-16 19:31:41'),
(19, 'user5315666833872', 'user5315666833872', '5315666833872', '0812345678', 'user5315666833872@gmail.com', '_user5315666833872', '$2a$05$FDS4yL3YFKo6cv40KLTv.OqaQF1peCO9YQ3U8pafK7rUNINacD3Dy', 'user', '2022-04-16 19:31:58'),
(20, 'user8582634913385', 'user8582634913385', '8582634913385', '0812345678', 'user8582634913385@gmail.com', '_user8582634913385', '$2a$05$.NU8K3deZDMwf1mRvH/TVO4lOxOGGAMBV3IHSMndJNvXXR8zi/kka', 'user', '2022-04-16 19:32:13'),
(21, 'user5691632934832', 'user5691632934832', '5691632934832', '0812345678', 'user5691632934832@gmail.com', '_user5691632934832', '$2a$05$X9WFBQWTf/i65XZ.ecJqH.sbaMhmPe4jq3JSEfA7eXTjkgYPzKUra', 'user', '2022-04-16 19:36:37'),
(22, 'user3929967217258', 'user3929967217258', '3929967217258', '0812345678', 'user3929967217258@gmail.com', '_user3929967217258', '$2a$05$gUFrgqDFFm4sE6RExRLRbeLvCXNBuFVJ9tAdaWmPKz6GEIfcZwNKm', 'user', '2022-04-16 19:57:55'),
(23, 'user7165524329711', 'user7165524329711', '7165524329711', '0812345678', 'user7165524329711@gmail.com', '_user7165524329711', '$2a$05$9FwharmAn7WhC04J1klgT.9x1YDSKrmM7d3UCeCaIAkPJGP9UeDEi', 'user', '2022-04-16 19:58:07'),
(24, 'user1856463149323', 'user1856463149323', '1856463149323', '0812345678', 'user1856463149323@gmail.com', '_user1856463149323', '$2a$05$JEfWXpPYn5ud0u3vAqtEBueZfi9PedR7ArNUWGcjCu8uWpCwBsDbi', 'user', '2022-04-16 19:58:22'),
(25, 'user1666577793436', 'user1666577793436', '1666577793436', '0812345678', 'user1666577793436@gmail.com', '_user1666577793436', '$2a$05$vgM0Tn6UxsDnUFIJfPbBB.oRIU/k4LyMZQMWLUTPDcCyJbrvp.nHG', 'user', '2022-04-16 19:58:34'),
(26, 'user1693963398674', 'user1693963398674', '1693963398674', '0812345678', 'user1693963398674@gmail.com', '_user1693963398674', '$2a$05$xddAT0/uK/IAFoWCYe5lBeJUvlnta5M1Djq6e8hFUp35fgBk7NyUO', 'user', '2022-04-16 19:58:45'),
(27, 'user8158551945216', 'user8158551945216', '8158551945216', '0812345678', 'user8158551945216@gmail.com', '_user8158551945216', '$2a$05$L8uRVpLVi.nnfxKkp80llO6YVDBDoL/ipLQ4ypUlAfhBO.XcJPZ1K', 'user', '2022-04-16 19:58:56'),
(28, 'user4815898976243', 'user4815898976243', '4815898976243', '0812345678', 'user4815898976243@gmail.com', '_user4815898976243', '$2a$05$S4U5YTj94qEgX4EfMzMHs.rDwetlu9rNfZzTH0axnYYVExTmEHxXC', 'user', '2022-04-16 19:59:07'),
(29, 'user8455823799693', 'user8455823799693', '8455823799693', '0812345678', 'user8455823799693@gmail.com', '_user8455823799693', '$2a$05$X/zhlC2OqKDSEDurteHAIui21V8gwr0OIcyTeM6GWxiACLJIuSba2', 'user', '2022-04-16 19:59:34'),
(30, 'user5683358472243', 'user5683358472243', '5683358472243', '0812345678', 'user5683358472243@gmail.com', '_user5683358472243', '$2a$05$GPfxvjWqRv3hcXJB5S/9quHiZlF9NC2xLh4LHBF.QZwalyboSrGN2', 'user', '2022-04-16 20:00:15'),
(31, 'user3798399828635', 'user3798399828635', '3798399828635', '0812345678', 'user3798399828635@gmail.com', '_user3798399828635', '$2a$05$.mZ/KNF6Mbb3/8zFWNhbF.3pCu32n4jb0ahVp8W71dT4LyxbgOydK', 'user', '2022-04-16 20:00:29'),
(32, 'user4133785243512', 'user4133785243512', '4133785243512', '0812345678', 'user4133785243512@gmail.com', '_user4133785243512', '$2a$05$oKiiVDJFQVEsxXDhfaLUQO.Og6yE6m4Xlj/oYy0FUvKzJ6MjSIB8.', 'user', '2022-04-16 20:01:03'),
(33, 'user2594457399339', 'user2594457399339', '2594457399339', '0812345678', 'user2594457399339@gmail.com', '_user2594457399339', '$2a$05$MKUR35.Rcj5RCQLSn.466uQAoNPuVPfwcjgPkEypL1a9UqzStuMLC', 'user', '2022-04-16 20:01:27'),
(34, 'user9967476859796', 'user9967476859796', '9967476859796', '0812345678', 'user9967476859796@gmail.com', '_user9967476859796', '$2a$05$gtQs1ezS1tbFYKFS1I3D9ewzC5XJR4HybYFzfp1rlMRNkdW0pWdfK', 'user', '2022-04-16 20:01:39'),
(35, 'user4712471349664', 'user4712471349664', '4712471349664', '0812345678', 'user4712471349664@gmail.com', '_user4712471349664', '$2a$05$ijmF1sLfgZn4v8B1Tbas3eVbvH6uHq6lDu3pJw.6JfVvu2mn.ZiSa', 'user', '2022-04-16 20:04:31'),
(36, 'user5632776299856', 'user5632776299856', '5632776299856', '0812345678', 'user5632776299856@gmail.com', '_user5632776299856', '$2a$05$BTyCfk1FrNfYJog4EjMXi.Es8JuNUuSfcQCx67cRwr3w49HAewbhG', 'user', '2022-04-16 20:04:47'),
(37, 'user3344829729769', 'user3344829729769', '3344829729769', '0812345678', 'user3344829729769@gmail.com', '_user3344829729769', '$2a$05$BiL2ImEzGUque1R9KrMud.k9smyZnPIRZgO8z8aRXJ5BQ2LowG7o.', 'user', '2022-04-16 20:10:01'),
(38, 'user6954617156233', 'user6954617156233', '6954617156233', '0812345678', 'user6954617156233@gmail.com', '_user6954617156233', '$2a$05$nxcofJGtuKIwTuhcywg1P.uWc0AVxOX7wyu.wZBAx2qc5bh5ickOS', 'user', '2022-04-16 20:11:33'),
(39, 'user6935974315961', 'user6935974315961', '6935974315961', '0812345678', 'user6935974315961@gmail.com', '_user6935974315961', '$2a$05$4teBDnDSTs4wJ7.7Aa3riObYPCaCm30n1naU2e9Df.kAoxm1fIv3O', 'user', '2022-04-16 21:54:02'),
(40, 'user3717825918493', 'user3717825918493', '3717825918493', '0812345678', 'user3717825918493@gmail.com', '_user3717825918493', '$2a$05$57LHei9gfqSBCpf1H0FkCu5cL7ALdTfaBefw/wHSPMH8Ox9qyHO4W', 'user', '2022-04-16 21:56:05'),
(41, 'user1485221576621', 'user1485221576621', '1485221576621', '0812345678', 'user1485221576621@gmail.com', '_user1485221576621', '$2a$05$wupa4yz7cR/67pCzD1QGjuFoVITwwjkbPYvsA0SMCG0qiq0.bi/PC', 'user', '2022-04-16 21:56:24'),
(42, 'user9425435728797', 'user9425435728797', '9425435728797', '0812345678', 'user9425435728797@gmail.com', '_user9425435728797', '$2a$05$m5XV1nZqh/9IdmcGp8x9eOFK39ygPHLPdaMj.8fd.zLhuEI4N/qw2', 'user', '2022-04-16 22:15:31'),
(43, 'user8438611779659', 'user8438611779659', '8438611779659', '0812345678', 'user8438611779659@gmail.com', '_user8438611779659', '$2a$05$AABrGAYt.KgIYy2GEzs/9OFXDEEDs9PjfKMycGuGwLaSJrYnCc4CK', 'user', '2022-04-16 22:18:01'),
(44, 'user4365467378724', 'user4365467378724', '4365467378724', '0812345678', 'user4365467378724@gmail.com', '_user4365467378724', '$2a$05$TPx.CPWtUv3XEW85PAwK4O46yl82ffi4kxf58J/L89gBC3y8mxZuy', 'user', '2022-04-16 22:18:42'),
(45, 'user8248096400766', 'user8248096400766', '8248096400766', '0812345678', 'beds8248096400766@gmail.com', '_user8248096400766', '$2a$05$VT9ELXb4St.pK9FgI7Ewiu/b5UAslHe961aH/mZW9HQV7FZqJJqDG', 'user', '2022-04-17 03:07:33'),
(46, 'phalat', 'wong', '7419852242559', '0953901155', '7419852242559@gmail.com', '_pon_pon', '$2a$05$OO0EKaCBC4A/gSg2Oy7nBO5KvBxe4FsxU.CHCcBj/VbX8m9aqA26K', 'user', '2022-04-17 03:07:49'),
(47, 'user4737417043751', 'user4737417043751', '4737417043751', '0812345678', 'beds4737417043751@gmail.com', '_user4737417043751', '$2a$05$EMhVMiADuOaHtVkP1cijA.0ffmVTCaeB0vxGsigT/XYMOyJLaRC9a', 'user', '2022-04-17 03:08:23'),
(48, 'phalat', 'wong', '3209819257673', '0953901155', '3209819257673@gmail.com', '_pon_pon', '$2a$05$hAP1I49HSYnin8yg0EFexu5BVL8IikiH67eVg2RrDgc8Yz5Rx4Fpa', 'user', '2022-04-17 03:08:41'),
(49, 'user0630243157619', 'user0630243157619', '0630243157619', '0812345678', 'beds0630243157619@gmail.com', '_user0630243157619', '$2a$05$PAwcixfp6FhKGkg1W/uhy.U8qjzx54z3LQkKZYeoj38XaFOwLGjMO', 'user', '2022-04-17 03:11:31'),
(50, 'phalat', 'wong', '1731826444566', '0953901155', '1731826444566@gmail.com', '_pon_pon', '$2a$05$YFjHcKZDmXgHbO4LC.u4ceu0SBUjNVisAatQO9qpu54Ozcs5m65ce', 'user', '2022-04-17 03:11:49'),
(51, 'user7654601050679', 'user7654601050679', '7654601050679', '0812345678', 'beds7654601050679@gmail.com', '_user7654601050679', '$2a$05$lxUrqlhI0QTsni5qLomKZOefOowods3Y6p61iiHOW5STrNx.QsTuC', 'user', '2022-04-17 03:12:29'),
(52, 'phalat', 'wong', '8080698817350', '0953901155', '8080698817350@gmail.com', '_pon_pon', '$2a$05$keh2iztLZuBOETYBSVp4lOhhTEq699wTR//xObmJKarvnRQh8I/AG', 'user', '2022-04-17 03:12:46'),
(53, 'user8244048805201', 'user8244048805201', '8244048805201', '0812345678', 'beds8244048805201@gmail.com', '_user8244048805201', '$2a$05$HxKaQGF57uU1fZnHCbwUSOx5JLOlYobtJi353RC0WRe677Bc3EbqG', 'user', '2022-04-17 04:06:26'),
(54, 'phalat', 'wong', '2523626985832', '0953901155', '2523626985832@gmail.com', '_pon_pon', '$2a$05$7oPD98RI/tP/88cYksAr2e4gRi6Kc5xbXOzg0QtZ74BBGYay6niDe', 'user', '2022-04-17 04:06:45'),
(55, 'user7447461439166', 'user7447461439166', '7447461439166', '0812345678', 'beds7447461439166@gmail.com', '_user7447461439166', '$2a$05$lPIoEbgv7N3Sp27BbuAVEOIEmav9jR2B2Kpybvyih2XqEJ6T1TNJi', 'user', '2022-04-17 04:07:24'),
(56, 'phalat', 'wong', '1852893712402', '0953901155', '1852893712402@gmail.com', '_pon_pon', '$2a$05$SY4HSFJbCt5P8AEv48H4B.zVc2tyZnQwp8uiVhgotWXT9979phWIi', 'user', '2022-04-17 04:07:41'),
(57, 'user0943058525518', 'user0943058525518', '0943058525518', '0812345678', '0943058525518@gmail.com', '_user0943058525518', '$2a$05$nFzDpw4/0n8y8cdpGf4yZ.eBiiowZ2LdCu0W/rv//.6ijxaTFWFhC', 'user', '2022-04-17 05:05:28'),
(58, 'user8342826780886', 'user8342826780886', '8342826780886', '0812345678', '8342826780886@gmail.com', '_user8342826780886', '$2a$05$kcaUJR6uIxzIrHkH13P/EOrSsmJsZsoyjZB3.QCdQr5rHMKQimg3C', 'user', '2022-04-17 05:05:47'),
(59, 'ประธาน', 'นาเวียง', '1234567891236', '0812345678', 'prathan@gmail.com', '_go_gog', '$2a$05$H5HbG6lhlxBCxaVYx7MtLekGPLwk79VTUX2m2ulX076r5vwcJTtBu', 'user', '2022-04-17 06:09:00'),
(63, 'user', 'user', '1234567899998', '0812345678', 'ponpon@gmail.com', '_user', '15901590', 'user', '2022-04-17 06:28:30'),
(64, 'user', 'user', '1234567899998', '0812345678', 'ponpon@gmail.com', '_user', '15901590', 'user', '2022-04-17 06:29:00'),
(65, 'user', 'user', '1234567899998', '0812345678', 'ponpon@gmail.com', '_user', '15901590', 'user', '2022-04-17 06:30:35'),
(66, 'user', 'user', '1234567899998', '0812345678', 'ponpon@gmail.com', '_user', '15901590', 'user', '2022-04-17 06:31:28'),
(67, 'user', 'user', '1234567899998', '0812345678', 'ponpon@gmail.com', '_user', '15901590', 'user', '2022-04-17 06:33:01'),
(74, 'user', 'user', '1234567899998', '0812345678', 'ponpon@gmail.com', '_user', '15901590', 'user', '2022-04-17 06:43:58'),
(75, 'user', 'user', '1234567899998', '0812345678', 'ponpon@gmail.com', '_user', '15901590', 'user', '2022-04-17 06:44:21'),
(78, 'user', 'user', '1234567899998', '0812345678', 'ponpon@gmail.com', '_user', '15901590', 'user', '2022-04-17 07:27:08');

--
-- Indexes for dumped tables
--

--
-- Indexes for table `beds`
--
ALTER TABLE `beds`
  ADD PRIMARY KEY (`id`),
  ADD KEY `user_id` (`user_id`);

--
-- Indexes for table `bedsdealing`
--
ALTER TABLE `bedsdealing`
  ADD PRIMARY KEY (`id`),
  ADD KEY `bed_id` (`bed_id`),
  ADD KEY `user_id` (`user_id`);

--
-- Indexes for table `tokens`
--
ALTER TABLE `tokens`
  ADD PRIMARY KEY (`id`),
  ADD KEY `user_id` (`user_id`);

--
-- Indexes for table `users`
--
ALTER TABLE `users`
  ADD PRIMARY KEY (`id`);

--
-- AUTO_INCREMENT for dumped tables
--

--
-- AUTO_INCREMENT for table `beds`
--
ALTER TABLE `beds`
  MODIFY `id` int NOT NULL AUTO_INCREMENT, AUTO_INCREMENT=317;

--
-- AUTO_INCREMENT for table `bedsdealing`
--
ALTER TABLE `bedsdealing`
  MODIFY `id` int NOT NULL AUTO_INCREMENT, AUTO_INCREMENT=280;

--
-- AUTO_INCREMENT for table `tokens`
--
ALTER TABLE `tokens`
  MODIFY `id` int NOT NULL AUTO_INCREMENT, AUTO_INCREMENT=425;

--
-- AUTO_INCREMENT for table `users`
--
ALTER TABLE `users`
  MODIFY `id` int NOT NULL AUTO_INCREMENT, AUTO_INCREMENT=274;

--
-- Constraints for dumped tables
--

--
-- Constraints for table `beds`
--
ALTER TABLE `beds`
  ADD CONSTRAINT `beds_ibfk_1` FOREIGN KEY (`user_id`) REFERENCES `users` (`id`);

--
-- Constraints for table `bedsdealing`
--
ALTER TABLE `bedsdealing`
  ADD CONSTRAINT `bedsdealing_ibfk_1` FOREIGN KEY (`bed_id`) REFERENCES `beds` (`id`),
  ADD CONSTRAINT `bedsdealing_ibfk_2` FOREIGN KEY (`user_id`) REFERENCES `users` (`id`);

--
-- Constraints for table `tokens`
--
ALTER TABLE `tokens`
  ADD CONSTRAINT `tokens_ibfk_1` FOREIGN KEY (`user_id`) REFERENCES `users` (`id`);
COMMIT;

/*!40101 SET CHARACTER_SET_CLIENT=@OLD_CHARACTER_SET_CLIENT */;
/*!40101 SET CHARACTER_SET_RESULTS=@OLD_CHARACTER_SET_RESULTS */;
/*!40101 SET COLLATION_CONNECTION=@OLD_COLLATION_CONNECTION */;
